Timestamp,Suggested_Hours
2025-09-12 15:52:41,[15]
2025-09-12 15:53:41,[15]
2025-09-12 15:55:13,[15]
2025-10-05 22:06:52,"[17, 15, 16]"
2025-10-05 22:07:52,"[17, 15, 16]"
2025-10-05 22:08:52,"[17, 15, 16]"
2025-10-05 22:09:52,"[17, 15, 16]"
2025-10-05 22:10:52,"[17, 15, 16]"
2025-10-05 22:11:52,"[17, 15, 16]"
2025-10-05 22:12:52,"[17, 15, 16]"
2025-10-05 22:13:52,"[17, 15, 16]"
2025-10-05 22:14:52,"[17, 15, 16]"
2025-10-05 22:15:52,"[17, 15, 16]"
2025-10-05 22:16:52,"[17, 15, 16]"
2025-10-05 22:17:52,"[17, 15, 16]"
2025-10-05 22:18:52,"[17, 15, 16]"
2025-10-05 22:19:52,"[17, 15, 16]"
2025-10-05 22:20:52,"[17, 15, 16]"
2025-10-05 22:21:52,"[17, 15, 16]"
2025-10-05 22:22:52,"[17, 15, 16]"
2025-10-05 22:23:52,"[17, 15, 16]"
2025-10-05 22:24:52,"[17, 15, 16]"
2025-10-05 22:25:52,"[17, 15, 16]"
2025-10-05 22:26:52,"[17, 15, 16]"
2025-10-05 22:27:52,"[17, 15, 16]"
2025-10-05 22:28:52,"[17, 15, 16]"
2025-10-05 22:29:52,"[17, 15, 16]"
2025-10-05 22:30:52,"[17, 15, 16]"
2025-10-05 22:31:52,"[17, 15, 16]"
2025-10-05 22:32:52,"[17, 15, 16]"
2025-10-05 22:33:52,"[17, 15, 16]"
2025-10-05 22:34:52,"[17, 15, 16]"
2025-10-05 22:35:52,"[17, 15, 16]"
2025-10-05 22:36:52,"[17, 15, 16]"
2025-10-05 22:37:53,"[17, 15, 16]"
2025-10-05 22:38:53,"[17, 15, 16]"
2025-10-05 22:39:53,"[17, 15, 16]"
2025-10-05 22:40:53,"[17, 15, 16]"
2025-10-05 22:41:53,"[17, 15, 16]"
2025-10-05 22:42:53,"[17, 15, 16]"
2025-10-05 22:43:53,"[17, 15, 16]"
2025-10-05 22:44:53,"[17, 15, 16]"
2025-10-05 22:45:53,"[17, 15, 16]"
2025-10-05 22:46:53,"[17, 15, 16]"
2025-10-05 22:47:53,"[17, 15, 16]"
2025-10-05 22:48:53,"[17, 15, 16]"
2025-10-05 22:49:53,"[17, 15, 16]"
2025-10-05 22:50:53,"[17, 15, 16]"
2025-10-05 22:51:53,"[17, 15, 16]"
2025-10-05 22:52:53,"[17, 15, 16]"
2025-10-05 22:53:53,"[17, 15, 16]"
2025-10-05 22:54:53,"[17, 15, 16]"
2025-10-05 22:55:53,"[17, 15, 16]"
2025-10-05 22:56:53,"[17, 15, 16]"
